ESNTL_ID,BOOKSTORENAME,ADDRESS,DESCRIBE,PARKING,SPAPARATE_RESTROOM,CAFE,REVIEW,BOOKTALK,SPACE_RENTAL
KCCBSPO22N000000439,AR영어북카페,서울 강남구 남부순환로 2927 대치클래시아 124~125호,"다양한 영어책, 르네상스러닝 독서프로그램, 성공적인 영어독서 습관 획득 가능",가능,구분,있음,없음,없음,불가능
KCCBSPO22N000000440,북카페레벤,"서울 강남구 학동로 116 북카페레벤, 성바오로서원","편한 분위기, 좋은 가성비, 모임하기에 좋은 장소",가능,구분,있음,없음,없음,불가능
KCCBSPO22N000000441,파믹스센터 이야기북카페,서울 강동구 고덕로 314 파믹스센터 1층카페,서울에서 자연을 느낄 수 있는 힐링공간 디저트 카페,가능,구분,있음,없음,없음,불가능
KCCBSPO22N000000442,책방늘봄,서울 강동구 성내로10길 9-14 101호,커피&샌드위치 전문점,가능,구분안함,있음,없음,없음,불가능
KCCBSPO22N000000443,뜨레모아,서울 강동구 양재대로89길 16 파크프라자,딱딱한 도심속에 숨어있는 아늑하고 향기로운 작은 책방,가능,구분,있음,없음,없음,불가능
KCCBSPO22N000000444,윌리엄 커피,서울 강동구 풍성로 92 한스빌딩,"고소하게 볶은 커피를 준비해 윌리엄 레시피로 한방울 한방울 추출한 콜드브루, 브러치 식사와 맛있는 커피, 디저트가 준비, 신선한 재료와 정직한 조리방법",가능,구분,있음,없음,없음,불가능
KCCBSPO22N000000445,꿈뜨락 북카페,서울 강서구 공항대로 615,0,불가능,구분안함,있음,없음,없음,불가능
KCCBSPO22N000000446,지오북카페,서울 관악구 관악로12길 3-6 성효빌딩,"프라모델, 피규어, 컨트리 인형 등 아기자기한 소품들이 있음, 조용한 분위기",불가능,구분안함,있음,없음,없음,불가능
KCCBSPO22N000000447,카툰앤북카페 검정고무신 건대입구점,서울 광진구 아차산로 241 연한빌딩 3층,"만화카페, 편한 소파베드, 3만여권의 만화책",불가능,구분,있음,없음,없음,불가능
KCCBSPO22N000000448,북카페세모,"서울 광진구 아차산로31길 20 2층, 3층","책, 디저트, 와인과 함께 파티가 열리는 곳, 신간 베스트셀러 200여권의 책 비치, 직접 로스팅한 원두 사용",가능,구분,있음,없음,없음,불가능
KCCBSPO22N000000449,24시프리카페 건대점,서울 광진구 아차산로34길 26,프리카페는 독서실처럼 조용한 분위기를 원하시는 분들이 이용하시기 좋은공간,가능,구분,있음,없음,없음,불가능
KCCBSPO22N000000450,불카페 조이,서울 구로구 구로동로8길 7,"음향시설, 프로잭터 사용가능, 활용공간 약 25평, 지하공간도 임대 가능",불가능,구분안함,있음,없음,없음,불가능
KCCBSPO22N000000451,통통북카페,서울 구로구 부일로 949 구로청소년문화의집,독서활동 장소,가능,구분,있음,있음,없음,불가능
KCCBSPO22N000000452,중계사랑북카페,서울 노원구 덕릉로82길 50 중계4동주민센터,주민센터내 북카페,불가능,구분안함,있음,없음,없음,불가능
KCCBSPO22N000000453,엘까미노,서울 노원구 동일로 1390 상계주공6단지아파트,독서활동 장소,불가능,구분안함,있음,없음,없음,불가능
KCCBSPO22N000000454,책인감,서울 노원구 동일로182길 63-1 2층,책방이자 사람이 모이고 감성이 있는 장소,불가능,구분안함,있음,없음,없음,불가능
KCCBSPO22N000000455,공덕골아름드리 북카페모모,서울 노원구 동일로186길 3-24 1층 공덕골아름드리 북카페모모,마을커뮤니티 공간,가능,구분,있음,있음,없음,불가능
KCCBSPO22N000000456,책사랑북카페,서울 노원구 한글비석로 279 중계1동 주민센터,독서활동 장소,불가능,구분안함,있음,없음,없음,불가능
KCCBSPO22N000000457,도란도란북카페,서울 노원구 한글비석로 434 상계5동주민센터,독서활동 장소,가능,구분,있음,있음,없음,불가능
KCCBSPO22N000000458,마을북카페행복한이야기,서울 도봉구 창동 20,독서활동 장소,불가능,구분안함,있음,없음,없음,불가능
KCCBSPO22N000000459,카페오드리 상도점,서울 동작구 양녕로 265 카페오드리,"신선한 재료, 홈메이드, Low Sugar",가능,구분안함,있음,없음,없음,불가능
KCCBSPO22N000000460,북카페 산책,서울 마포구 동교로 156-10 사단법인한국기독학생중앙회관,"좋은 분위기와 음악, 책 구매 가능, 숯불 로스팅으로 직접 볶은 원두커피",가능,구분,있음,없음,없음,불가능
KCCBSPO22N000000461,만화방구,서울 마포구 동교로 235-1,"담요, 와이파이, 핸드폰 충전기 대여서비스, 뒹굴뒹굴 가능 굴방들",불가능,구분안함,있음,없음,없음,불가능
KCCBSPO22N000000462,할리스커피 공덕역북카페점,서울 마포구 마포대로 100,"다양한 토양과 기후에서 자란 커피 원두 사용, 원두 본연의 맛을 살리기 위한 블랜딩",불가능,구분,있음,없음,없음,불가능
KCCBSPO22N000000463,채그로,서울 마포구 마포대로4다길 31 아리수(옵티마)빌딩 8층 신관,한강뷰가 아름다운 독서 피트니스 interactive 서점,가능,구분,있음,없음,없음,불가능
KCCBSPO22N000000464,연남동 별빛카페달빛차,서울 마포구 성미산로 128,맛있는 커피로 정성껏 서비스,가능,구분안함,있음,없음,없음,불가능
KCCBSPO22N000000465,20000dol북카페,서울 마포구 성암로11길 7,분위기 최고의 북카페,불가능,구분안함,있음,없음,없음,불가능
KCCBSPO22N000000466,쿡앤북,서울 마포구 성지3길 61,"달콤한 자연식 베이킹의 저자가 오픈한 카페, 버터와 계란을 사용하지 않고 식물성 재료만으로 만든 쿠키와 케익, 머핀등이 준비, 세미나를 할 수 있는 공간도 준비",불가능,구분안함,있음,없음,없음,불가능
KCCBSPO22N000000467,디어라이프,서울 마포구 양화로12길 16-9 지하 1층,책과 커피가 함께하는 따뜻한 공간으로 드러오는 입구엔 프란츠 카프카의 문구를 새긴 구조물이 반기고 있음,불가능,구분,있음,없음,없음,불가능
KCCBSPO22N000000468,카페책속의한줄,서울 마포구 연남로3길 22-15,독서활동 장소,불가능,구분안함,있음,없음,없음,불가능
KCCBSPO22N000000469,카페창비,"서울 마포구 월드컵로12길 7 창비서교빌딩 1층, 지하1층","다양한 큐레이션으로 만날 수 있는 책, 일상의 변화를 주는 모임과 이벤트가 가득",가능,구분,있음,없음,없음,불가능
KCCBSPO22N000000470,당인리책발전소,서울 마포구 월드컵로14길 10-8,"카페와 독립서점을 한 공간에서 즐길 수 있는 장소, 오상진 김소영 아나운서가 운영하는 북카페",불가능,구분안함,있음,없음,없음,불가능
KCCBSPO22N000000471,북카페 다독다독,서울 마포구 홍익로2길 16 마포평생학습관 1층,"도서관 내 카페, 수입금은 발달장애인 바리스타 훈련 및 일자리 창출을 위해 사용됨",가능,구분안함,있음,없음,없음,불가능
KCCBSPO22N000000472,북카페 피터캣,서울 서대문구 신촌로 21 2층,"주말마다 열리는 독서모임, 주인장이 추천하는 도서만 판매",불가능,구분안함,있음,없음,있음,가능
KCCBSPO22N000000473,북카페파오,서울 서대문구 이화여대길 34 신흥빌딩 3층,"기획, 전시, 강의, 독립출판을 겸하고 있으며 북마페와 서점을 갖춘 복합 문화 공간, 매달 다양한 문화 행사 진행",불가능,구분,있음,없음,없음,불가능
KCCBSPO22N000000474,사랑해북갤러리,서울 서초구 양재천로7길 16,"아름다운 인테리어, 고요한 분위기",불가능,구분안함,있음,없음,없음,불가능
KCCBSPO22N000000475,북카페초록,서울 성동구 서울숲4길 28-3 지층 좌,"조용하고 안락한 북카페, 책 판매",불가능,구분안함,있음,없음,없음,불가능
KCCBSPO22N000000476,금호1가동 북카페 책단지꿀단지,서울 성동구 행당로 15 금호1가동주민센터 1층,"저렴하고 조용한 분위기, 현금결제 불가",불가능,구분안함,있음,없음,없음,불가능
KCCBSPO22N000000477,꿈의숲푸르지오 키즈&맘북카페,서울 성북구 오패산로16가길 40,"독서활동 장소, 작은 도서관",가능,구분,있음,있음,없음,불가능
KCCBSPO22N000000478,북카페리비,서울 성북구 오패산로16가길 99,"교회 북카페, 기부 카페",가능,구분안함,있음,없음,없음,불가능
KCCBSPO22N000000479,한입스토리북 서울점,서울 성북구 장위동 301-2,독서활동 장소,불가능,구분안함,있음,없음,없음,불가능
KCCBSPO22N000000480,자작나무숲 북카페,서울 성북구 정릉로10길 107,"편안하고 아늑한 공간, 자작나무숲 내에 위치",가능,구분,있음,없음,없음,불가능
KCCBSPO22N000000481,북카페다리,서울 송파구 동남로24길 11 1층,"시낭송회, 음악회 등 문화 행사에 관련해서 재휴 가능, 작은 무대 준비",불가능,구분안함,있음,없음,있음,가능
KCCBSPO22N000000482,라마므레카페,서울 송파구 문정로 83 문정래미안아파트,"문정동에 위치한 라 마므레 까페, 100% 아라비카 유기농 원두로 커피를 제조",가능,구분,있음,없음,없음,불가능
KCCBSPO22N000000483,카페 라임,서울 송파구 올림픽로10길 54,"바삭한 토스트와 커피가 맛있는 라임카페, 수제 생강차는 유기농설탕으로 만든 엑기스차로 정성껏 제조",가능,구분안함,있음,없음,없음,불가능
KCCBSPO22N000000484,나임 북 카페,서울 송파구 위례광장로 193,하늘에서 가장 가까운 테라스 정원을 바라보면서 좋은 책과 함께할 수 있는 시간,불가능,구분안함,있음,없음,없음,불가능
KCCBSPO22N000000485,이정우케이크카페,서울 송파구 위례성대로16길 4-17 2층,방이동 쌀로 만든 디저트 케이크 & 북카페,가능,구분,있음,없음,없음,불가능
KCCBSPO22N000000486,버터북,서울 용산구 신흥로15길 20,분위기 있고 인기있는 디저트 판매,불가능,구분안함,있음,없음,없음,불가능
KCCBSPO22N000000487,시티카메라,서울 용산구 우사단로10마길 4 시티카메라,사진과 카메라라는 매체를 기반으로 포토그래퍼들과 함께 실험적인 사진 프로젝트를 만들어가는 공간,불가능,구분안함,있음,없음,없음,불가능
KCCBSPO22N000000488,베세토,서울 종로구 도렴동 80-3,독서활동 장소,가능,구분,있음,있음,없음,불가능
KCCBSPO22N000000489,북카페마루,서울 종로구 세검정로 227-3,"다양한 음료와 커피가 있는 북카페, 가정집을 개조, 동호회나 세미나 모임 가능",불가능,구분안함,있음,없음,없음,불가능
KCCBSPO22N000000490,부쿠,서울 종로구 인사동길 49 안녕인사동 4층,좋은 분위기와 책 추천 방식이 좋은 서점,가능,구분,있음,없음,없음,불가능
KCCBSPO22N000000491,장미마을 꽃망울 북카페,서울 중랑구 동일로149길 49 1층,독서활동 장소,불가능,구분안함,있음,없음,없음,불가능
KCCBSPO22N000000492,놀숲 강남논현점,서울특별시 강남구 강남대로 532 지층,"일상에 즐거운 경험을 더하는 문화공간 카툰앤북카페, 편안한 좌석에서 맛있는 음식과 함께 책도 볼 수 있는 멀티 엔터테인먼트",불가능,구분안함,있음,없음,없음,불가능
KCCBSPO22N000000493,독서동행,서울특별시 강남구 강남대로102길 45 2층,2층 카페와 3층 루프탑. 책을 읽는 공간,가능,구분,있음,없음,없음,불가능
KCCBSPO22N000000494,놀숲 강남역점,서울특별시 강남구 강남대로98길 17 시티힐 빌딩,"일상에 즐거운 경험을 더하는 문화공간 카툰앤북카페, 편안한 좌석에서 맛있는 음식과 함께 책도 볼 수 있는 멀티 엔터테인먼트",가능,구분,있음,없음,없음,불가능
KCCBSPO22N000000495,이프렌딩,서울특별시 강남구 강남대로98길 17,독서활동 장소,가능,구분,있음,있음,없음,불가능
KCCBSPO22N000000496,와인북카페,서울특별시 강남구 논현로149길 5 엔타시아 빌딩 1층,와인 애호가들의 놀이터로 사랑 받아온 와인북카페,가능,구분,있음,없음,없음,불가능
KCCBSPO22N000000497,카페 쉼,서울특별시 강남구 논현로151길 30 1층,,가능,구분안함,있음,없음,없음,불가능
KCCBSPO22N000000498,디파지트 가로수길점,서울특별시 강남구 논현로161길 59 지하,"어서 와, 리더는 처음이지?' 저자 장영학이 운영한느 사람과 조직문화 큐레이션 북카페",불가능,구분,있음,없음,없음,불가능
KCCBSPO22N000000499,콘체르토,서울특별시 강남구 논현로63길 16 역삼종합시장 더블루 1층 콘체르토,"음악카페, 150인치 대형 스크린을 통한 영상물 감상, 와인 카페, 매주 토/일요일 클래식 음악감상회 개최",가능,구분,있음,없음,없음,불가능
KCCBSPO22N000000500,인사이드 cafe&study,서울특별시 강남구 도곡로 434 청은빌딩 지하 1층,"독서활동, 스터디 장소",불가능,구분안함,있음,없음,없음,불가능
KCCBSPO22N000000501,북까페사가,서울특별시 강남구 도곡로 509,,불가능,구분안함,있음,없음,없음,불가능
KCCBSPO22N000000502,비비브라운,서울특별시 강남구 도산대로 412 1층 카페 비비브라운,"산미가 없고 고소하고 깔끔한 목넘김이 특징인 커피, 24시간 운영, 프라이빗 미팅룸",가능,구분,있음,없음,없음,불가능
KCCBSPO22N000000503,놀숲 신사가로수길점,서울특별시 강남구 도산대로11길 11 지하1층,"일상에 즐거운 경험을 더하는 문화공간 카툰앤북카페, 편안한 좌석에서 맛있는 음식과 함께 책도 볼 수 있는 멀티 엔터테인먼트",불가능,구분,있음,없음,없음,불가능
KCCBSPO22N000000504,ASSOULINE,서울특별시 강남구 도산대로45길 11 지하1층 애술린라운지,도심 속 근사한 북카페,가능,구분안함,있음,없음,없음,불가능
KCCBSPO22N000000505,카페 마당,서울특별시 강남구 도산대로45길 7 에르메스도산파크,"접시와 커트리, 소파에 이르기까지 모두 에르메스 제품을 사용하여 꾸며 놓음, 신라 호텔 30년 경력의 요리사가 샌드위치, 와규 스테이크 등의 식사류와 초코 수플레, 티라미수 같은 각종 디저트를 선보이고 있음",불가능,구분안함,있음,없음,없음,불가능
KCCBSPO22N000000506,콩툰 청담본점,서울특별시 강남구 도산대로49길 3 씨씨빌딩,"만화카페 콩툰 청담점, 다양한 종류의 만화책과 카페 메뉴, 차별화된 인테리어와 시스템으로 편안하고 쾌적한 공간을 제공",불가능,구분,있음,없음,없음,불가능
KCCBSPO22N000000507,두잉,서울특별시 강남구 삼성로 654 B01호,"페미니즘을 테마로 하는 멀티카페, 책, 미술품, 사진을 전시하는 갤러리, 여성주의 상담",가능,구분안함,있음,없음,없음,불가능
KCCBSPO22N000000508,북앤레스트,서울특별시 강남구 삼성로104길 22 예림빌딩 1층,"스테이존, 레스트존, 프리이빗룸으로 공간을 나누어 각자가 원하는 방법으로 편하게 시간을 보낼 수 있도록 공간에 힘을 주었음",불가능,구분,있음,없음,없음,불가능
KCCBSPO22N000000509,최인아책방,서울특별시 강남구 선릉로 521,큐레이션 서점,불가능,구분안함,있음,없음,없음,불가능
KCCBSPO22N000000510,라이프북스,서울특별시 강남구 선릉로 741 1F 라이프북스,큐레이션 서점,가능,구분안함,있음,없음,없음,불가능
KCCBSPO22N000000511,cafe랑담,서울특별시 강남구 선릉로152길 18,독서활동 장소,가능,구분,있음,없음,없음,불가능
KCCBSPO22N000000512,놀숲 압구정역점,서울특별시 강남구 압구정로28길 22-6 지하 1층,"일상에 즐거운 경험을 더하는 문화공간 카툰앤북카페, 편안한 좌석에서 맛있는 음식과 함께 책도 볼 수 있는 멀티 엔터테인먼트",가능,구분안함,있음,없음,없음,불가능
KCCBSPO22N000000513,송송책방,서울특별시 강남구 언주로 110 경남2차 상가 203호,"출판사 송송책방에서 운영하는 북카페, 주인 소장 책을 마음껏 이용할 수 있음, 책모임 환영",불가능,구분,있음,없음,없음,불가능
KCCBSPO22N000000514,더샵갤러리,서울특별시 강남구 언주로 832 더샵갤러리,앞선 기술력과 디자인으로 건설되는 주거환경을 경험 할 수 있음,불가능,구분,있음,없음,없음,불가능
KCCBSPO22N000000515,JSTORY,서울특별시 강남구 역삼로84길 8,독서활동 장소,불가능,구분안함,있음,없음,없음,불가능
KCCBSPO22N000000516,더착한커피 자곡점,서울특별시 강남구 자곡로 120 세곡드림프라자 4층 405호,나눔의 시작 더착한커피,불가능,구분안함,있음,없음,없음,불가능
KCCBSPO22N000000517,영풍문고 강남 포스코점,서울특별시 강남구 테헤란로 440 포스코 센터 지하 1층,다양한 국내외도서 취급,가능,구분안함,있음,없음,없음,불가능
KCCBSPO22N000000518,프레스 임프레스,서울특별시 강남구 논현로6길 26,,가능,구분,있음,있음,없음,불가능
KCCBSPO22N000000519,커피빈 올림픽공원북2문앞점,서울특별시 강동구 강동대로 193,일반카페,불가능,구분,있음,없음,없음,불가능
KCCBSPO22N000000520,폴바셋 올림픽공원북2문점,서울특별시 강동구 강동대로 199 1층,독서활동 장소,불가능,구분안함,있음,없음,없음,불가능
KCCBSPO22N000000521,솔향기 북카페,서울특별시 강동구 고덕로97길 20 강일리버파크10단지 관리사무소2층,독서활동 장소,가능,구분,있음,있음,없음,불가능
KCCBSPO22N000000522,아크로폴리스 앤 노사인보드,서울특별시 강동구 동남로73길 13,독서활동 장소,불가능,구분안함,있음,없음,없음,불가능
KCCBSPO22N000000523,꿈꾸는나무,서울특별시 강동구 명일로10길 24,독서활동 장소,가능,구분,있음,있음,없음,불가능
KCCBSPO22N000000524,카페탄젠트,서울특별시 강동구 성안로 196 1층 카페탄젠트,길동 커피 맛집,가능,구분안함,있음,없음,없음,불가능
KCCBSPO22N000000525,고래힐 Book Cafe,서울특별시 강동구 아리수로50길 50 커뮤니티센터 북카페,영어프로그램 서비스,불가능,구분안함,있음,없음,없음,불가능
KCCBSPO22N000000526,놀숲 둔촌역점,서울특별시 강동구 양재대로 1319 3층,"일상에 즐거운 경험을 더하는 문화공간 카툰앤북카페, 편안한 좌석에서 맛있는 음식과 함께 책도 볼 수 있는 멀티 엔터테인먼트",불가능,구분,있음,없음,없음,불가능
KCCBSPO22N000000527,강동구립북카페도서관 1호점,서울특별시 강동구 양재대로 1419 2층,독서활동 장소,불가능,구분,있음,없음,없음,불가능
KCCBSPO22N000000528,더라이브러리 명일역지점,서울특별시 강동구 양재대로 1622 2층 더라이브러리,독서활동 장소,불가능,구분,있음,없음,없음,불가능
KCCBSPO22N000000529,도담도담북카페,서울특별시 강동구 양재대로138길 37 명일1동 주민센터 1층,독서활동 장소,불가능,구분안함,있음,없음,없음,불가능
KCCBSPO22N000000530,커피랑도서관 암사점,서울특별시 강동구 올림픽로 759 대덕빌딩,22시부터 다음날 아침 9시까지는 관리자 없이 무인운영,가능,구분안함,있음,없음,없음,불가능
KCCBSPO22N000000531,커몬코믹플렉스,서울특별시 강동구 올림픽로 781 우리들클리닉 지하1층,"매월 마지막 주 월요일은 환기, 청소 및 전체 소독을 위해 정기휴무",불가능,구분,있음,없음,없음,불가능
KCCBSPO22N000000532,놀숲 천호로데오점,서울특별시 강동구 천호대로157길 37 2층 놀숲,편안한 좌석에서 맛있는 음식과 함께 책도 볼 수 있는 멀티 엔터테이먼트,가능,구분,있음,없음,없음,불가능
KCCBSPO22N000000533,승룡이네집,서울특별시 강동구 천호대로168가길 65-29,독서활동 장소,불가능,구분안함,있음,없음,없음,불가능
KCCBSPO22N000000534,아운트,서울특별시 강동구 양재대로126길 54 101호,큐레이션 책방,불가능,구분안함,있음,있음,있음,가능
KCCBSPO22N000000535,놀숲 수유점,서울특별시 강북구 노해로8길 22,"일상에 즐거운 경험을 더하는 문화공간 카툰앤북카페, 편안한 좌석에서 맛있는 음식과 함께 책도 볼 수 있는 멀티 엔터테인먼트",불가능,구분,있음,없음,없음,불가능
KCCBSPO22N000000536,역사전문서점 물음,서울특별시 강북구 덕릉로 166-1,"목요일은 오후4시까지 영업. 역사전문 서점, 북카페",불가능,구분,있음,없음,없음,불가능
KCCBSPO22N000000537,알라딘중고서점 COFFEE 수유점,서울특별시 강북구 도봉로 342,중고서점,불가능,구분안함,있음,없음,없음,불가능
KCCBSPO22N000000538,놀숲 미아사거리점,서울특별시 강북구 도봉로 40 8층,"일상에 즐거운 경험을 더하는 문화공간 카툰앤북카페, 편안한 좌석에서 맛있는 음식과 함께 책도 볼 수 있는 멀티 엔터테인먼트",불가능,구분,있음,없음,없음,불가능
KCCBSPO22N000000539,징검다리북까페,서울특별시 강북구 삼각산로 155 (수유동) 1층,독서활동 장소,가능,구분,있음,있음,없음,불가능
KCCBSPO22N000000540,씽크엘작은도서관,서울특별시 강북구 삼양로54길 92,독서활동 장소,불가능,구분안함,있음,없음,없음,불가능
KCCBSPO22N000000541,꿈꾸는 타자기,서울특별시 강북구 솔샘로68길 16,책 보드게임 퍼즐 그리고 고양이 다섯마리가 살고 있음,불가능,구분안함,있음,없음,없음,불가능
KCCBSPO22N000000542,카페브러리,서울특별시 강북구 오패산로77길 8,독서활동 장소,불가능,구분안함,있음,없음,없음,불가능
KCCBSPO22N000000543,카페스케치북,서울특별시 강북구 한천로 1010,,가능,구분,있음,있음,없음,불가능
KCCBSPO22N000000544,커피베이 강북수유점,서울특별시 강북구 한천로 1095,독서활동 장소,불가능,구분안함,있음,없음,없음,불가능
KCCBSPO22N000000545,로브빈스커피,서울특별시 강서구 강서로 161-10,"비료, 살충제등을 덜 사용하면서 동 식물의 안식처를 그대로 보존하며 태양으로 인한 커피나무의 스트레스를 덜어 생산한 원두 사용",불가능,구분안함,있음,없음,없음,불가능
KCCBSPO22N000000546,더하늘꿈북카페,서울특별시 강서구 강서로45라길 28,독서활동 장소,불가능,구분안함,있음,없음,없음,불가능
KCCBSPO22N000000547,발음북카페,서울특별시 강서구 강서로47다길 35,독서활동 장소,불가능,구분안함,있음,없음,없음,불가능
KCCBSPO22N000000548,나무곁에 서서,서울특별시 강서구 강서로76길 19 1층,"목, 금 오후2시~오후7시 영업. 숲, 생태, 환경, 교육을 이야기하는 공간",불가능,구분안함,있음,없음,없음,불가능
KCCBSPO22N000000549,꿈터작은도서관,서울특별시 강서구 곰달래로 79 화곡1동주민센터 3층,화곡 1동 주민센터내 엘리베이터가 신설되어 3층까지 노약자나 장애우를 위해 편의를 제공,불가능,구분안함,있음,없음,없음,불가능
KCCBSPO22N000000550,더플롯커피,서울특별시 강서구 공항대로45길 7,독서활동 장소,가능,구분,있음,있음,없음,불가능
KCCBSPO22N000000551,등마루골작은도서관,서울특별시 강서구 등촌로 143 등촌2동주민센터 2층,독서활동 장소,불가능,구분안함,있음,없음,없음,불가능
KCCBSPO22N000000552,다빈,서울특별시 강서구 마곡서로 168 럭스나인 오피스텔 L동 2층,차 한잔을 통해 누군가와 더 깊은 관계를 이룰 수 있는 작은공간,가능,구분,있음,없음,없음,불가능
KCCBSPO22N000000553,놀숲 마곡발산점,서울특별시 강서구 마곡중앙6로 93 열린프라자,"일상에 즐거운 경험을 더하는 문화공간 카툰앤북카페, 편안한 좌석에서 맛있는 음식과 함께 책도 볼 수 있는 멀티 엔터테인먼트",불가능,구분,있음,없음,없음,불가능
KCCBSPO22N000000554,글벗누리작은도서관,서울특별시 강서구 방화대로 330,독서활동 장소,가능,구분,있음,있음,없음,불가능
KCCBSPO22N000000555,다시서점,서울특별시 강서구 방화대로33길 13 1층,"시집과 시인의 산문류, 텍스트 위주의 독림출판물 판매",불가능,구분안함,있음,없음,없음,불가능
KCCBSPO22N000000556,예인,서울특별시 강서구 방화대로34길 120 신안빌라 상가동 2층 1호,독서활동 장소,가능,구분,있음,있음,없음,불가능
KCCBSPO22N000000557,더플롯커피 2호점,서울특별시 강서구 양천로 510 현대프린스텔,독서활동 장소,가능,구분,있음,있음,없음,불가능
KCCBSPO22N000000558,놀숲 사당역점,서울특별시 관악구 과천대로 941 6층,"일상에 즐거운 경험을 더하는 문화공간 카툰앤북카페, 편안한 좌석에서 맛있는 음식과 함께 책도 볼 수 있는 멀티 엔터테인먼트",불가능,구분,있음,없음,없음,불가능
KCCBSPO22N000000559,놀숲 서울대입구역점,서울특별시 관악구 관악로 155,"일상에 즐거운 경험을 더하는 문화공간 카툰앤북카페, 편안한 좌석에서 맛있는 음식과 함께 책도 볼 수 있는 멀티 엔터테인먼트",불가능,구분,있음,없음,없음,불가능
KCCBSPO22N000000560,세상과연애하기,서울특별시 관악구 관악로14길 14 2층,서울대입구 근처 작고 따뜻한 분위기의 북카페,불가능,구분안함,있음,없음,없음,불가능
KCCBSPO22N000000561,카페몽실,서울특별시 관악구 난곡로 98,"출판사인 몽실북스에서 운영하고 있으며, 더치와 아메리카노가 맛있고 조용히 책 읽기에 좋음",가능,구분,있음,없음,없음,불가능
KCCBSPO22N000000562,책이는당나귀,서울특별시 관악구 당곡6길 6,브레이크 15-17시(토제외) 큐레이션 동네책방,불가능,구분안함,있음,없음,없음,불가능
KCCBSPO22N000000563,고지트,서울특별시 관악구 신림로 107 2층,고양이와 책이 있는 공간 고지트,가능,구분,있음,없음,없음,불가능
KCCBSPO22N000000564,재론북스,서울특별시 관악구 신림로 318 1층 101호 재론북스,독립출판물과 북큐레이션 서점. 쌍화차 대추차 커피 등 판매,가능,구분,있음,없음,없음,불가능
KCCBSPO22N000000565,놀숲 신림역점,서울특별시 관악구 신림로 321,"일상에 즐거운 경험을 더하는 문화공간 카툰앤북카페, 편안한 좌석에서 맛있는 음식과 함께 책도 볼 수 있는 멀티 엔터테인먼트",불가능,구분,있음,없음,없음,불가능
KCCBSPO22N000000566,영풍문고 신림 포도몰점,서울특별시 관악구 신림로 330 포도몰 7층,금요일은 토요일 영업시간과 같음. 다양한 국내외도서 취급,가능,구분안함,있음,없음,없음,불가능
KCCBSPO22N000000567,관객의 취향,"서울특별시 관악구 양녕로 19 1층,2층",독립출판물 주로 취급,불가능,구분안함,있음,없음,없음,불가능
KCCBSPO22N000000568,달리봄,서울특별시 관악구 중앙길 27,페미니즘 서적과 함께 다양한 여성의 이야기를 모아 소개,가능,구분안함,있음,없음,없음,불가능
KCCBSPO22N000000569,허스토리,서울특별시 관악구 중앙길 27,,가능,구분,있음,있음,없음,불가능
KCCBSPO22N000000570,자상한시간,서울특별시 관악구 중앙길 59 1층,자상한 시간을 찾는 벗들에게 책과 커뮤니티 모임을 통해 행복이 자라나는 편안하고 따뜻한 공간을 제공,불가능,구분,있음,없음,없음,불가능
KCCBSPO22N000000571,하얀정원,서울특별시 관악구 행운1길 40 1층,"헌 책과 새 책, 예술을 사랑하는 사람들의 놀이공간이자 아지트",불가능,구분안함,있음,없음,없음,불가능
KCCBSPO22N000000572,Cafe&Meal 치포리,"서울특별시 관악구 호암로24길 17 1, 2층",사회적기업 안테나에서 운영하는 다양한 사람들이 기부한 책을 함께 공유하고 누구나 편하게들러 쉬어갈 수 있는 커뮤니티 공간,불가능,구분,있음,없음,없음,불가능
KCCBSPO22N000000573,책방열음,서울특별시 광진구 광장로 59-1 1층,다양한 종류의 국내외 도서와 카페,불가능,구분,있음,없음,없음,불가능
KCCBSPO22N000000574,장신대구내서점,서울특별시 광진구 광장로5길 25-1,독서활동 장소,불가능,구분안함,있음,없음,없음,불가능
KCCBSPO22N000000575,생산적헛소리,서울특별시 광진구 능동로19길 5 지하,모임과 인문/문화/예술 관련 프로그램을 만들어 운영,불가능,구분안함,있음,없음,없음,불가능
KCCBSPO22N000000576,커피인더카툰,서울특별시 광진구 동일로22길 64 2층,16000권 이상의 책들과 한끼식사가 가능한 음식들과 간식들과 따뜻한 베이커리와 음료가 함께 있는 공간,불가능,구분,있음,없음,없음,불가능
KCCBSPO22N000000577,북카페그루터기,서울특별시 광진구 동일로76가길 28 중곡제3동주민센터,,가능,구분,있음,있음,없음,불가능
KCCBSPO22N000000578,인덱스,서울특별시 광진구 아차산로 200 커먼그라운드 3F,건대 커먼그라운드 안에 있는 숍인숍 서점,불가능,구분안함,있음,없음,없음,불가능
KCCBSPO22N000000579,놀숲 건대점,서울특별시 광진구 아차산로 224 3층 놀숲건대점,"일상에 즐거운 경험을 더하는 문화공간 카툰앤북카페, 편안한 좌석에서 맛있는 음식과 함께 책도 볼 수 있는 멀티 엔터테인먼트",불가능,구분,있음,없음,없음,불가능
KCCBSPO22N000000580,그랜드 워커힐 서울 라이브러리,서울특별시 광진구 워커힐로 177 그랜드 워커힐 서울 2층,"3000여 권의 도서가 비치, 편안한 분위기 속에 책을 읽으며 힐링을 할 수 있는 공간, 무인운영",가능,구분,있음,없음,없음,불가능
KCCBSPO22N000000581,가린열북카페,서울특별시 구로구 개봉로17길 12,독서활동 장소,불가능,구분안함,있음,없음,없음,불가능
KCCBSPO22N000000582,꿈꾸는 달팽이,서울특별시 구로구 경인로19길 48-8,독서활동 장소,가능,구분안함,있음,없음,없음,불가능
KCCBSPO22N000000583,놀숲 고척점,서울특별시 구로구 경인로47길 113 2층,"일상에 즐거운 경험을 더하는 문화공간 카툰앤북카페, 편안한 좌석에서 맛있는 음식과 함께 책도 볼 수 있는 멀티 엔터테인먼트",불가능,구분,있음,없음,없음,불가능
KCCBSPO22N000000584,인공위성,서울특별시 구로구 구로중앙로27가길 32 1층,기부도서로 구성되는 질문서점,불가능,구분안함,있음,없음,없음,불가능
KCCBSPO22N000000585,곁애,서울특별시 구로구 구일로10길 53 현대아파트,문학을 기반으로하는 예술공간,가능,구분안함,있음,없음,없음,불가능
KCCBSPO22N000000586,구로구다문화북카페,서울특별시 구로구 벚꽃로 484,독서활동 장소,불가능,구분안함,있음,없음,없음,불가능
KCCBSPO22N000000587,카페화음,서울특별시 구로구 부일로1길 62 온수골사랑터 1층 카페 화음,"온수동 주민들이 함께 운영하는 카페, 아이들과 함께 이용할 수 있는 사랑터",가능,구분,있음,없음,없음,불가능
KCCBSPO22N000000588,배고픈사자,서울특별시 구로구 오류로 54-3,키즈북카페,불가능,구분,있음,없음,없음,불가능
KCCBSPO22N000000589,카페시우,서울특별시 금천구 독산로85길 15-1,독서활동 장소,불가능,구분안함,있음,없음,없음,불가능
KCCBSPO22N000000590,동네책방 원테이블,서울특별시 금천구 독산로8길 14,무료로 읽을 수 있는 도서 및 보드게임 보유. 도서 주문 및 구매 가능,불가능,구분안함,있음,없음,없음,불가능
KCCBSPO22N000000591,원두서점,서울특별시 금천구 서부샛길 578 1층(가산동),,가능,구분,있음,있음,없음,불가능
KCCBSPO22N000000592,카페 베르데,서울특별시 노원구 광운로 17-3,"1층뿐만 아니라 지하 1층의 넓은 공간에 많은 자리, 스터디나 과모임 황동에 최적",불가능,구분안함,있음,없음,없음,불가능
KCCBSPO22N000000593,놀숲 수락산역점,서울특별시 노원구 동일로 1689 하이베라스 2층,"일상에 즐거운 경험을 더하는 문화공간 카툰앤북카페, 편안한 좌석에서 맛있는 음식과 함께 책도 볼 수 있는 멀티 엔터테인먼트",불가능,구분,있음,없음,없음,불가능
KCCBSPO22N000000594,책인감,서울특별시 노원구 동일로182길 63-1 2층,동네책방이자 카페,불가능,구분안함,있음,없음,없음,불가능
KCCBSPO22N000000595,놀숲 노원역점,서울특별시 노원구 상계로 59 2층,"일상에 즐거운 경험을 더하는 문화공간 카툰앤북카페, 편안한 좌석에서 맛있는 음식과 함께 책도 볼 수 있는 멀티 엔터테인먼트",불가능,구분,있음,없음,없음,불가능
KCCBSPO22N000000596,놀숲 중계은행사거리점,서울특별시 노원구 한글비석로 231 지하1층,"일상에 즐거운 경험을 더하는 문화공간 카툰앤북카페, 편안한 좌석에서 맛있는 음식과 함께 책도 볼 수 있는 멀티 엔터테인먼트",불가능,구분,있음,없음,없음,불가능
KCCBSPO22N000000597,도봉북카페,서울특별시 도봉구 덕릉로 315,,가능,구분,있음,있음,없음,불가능
KCCBSPO22N000000598,헤이제이,서울특별시 도봉구 도봉로 566,,불가능,구분안함,있음,없음,없음,불가능
KCCBSPO22N000000599,7월1일,서울특별시 도봉구 도봉로157길 11 1층,"핸드드립 커피메이커만을 사용, 집에서 남아도는 책 기부 받음, 전자책 만들어드림",가능,구분안함,있음,없음,없음,불가능
KCCBSPO22N000000600,창포원북카페비비다이어리,서울특별시 도봉구 마들로 916 방문자센타 2층,독서활동 장소,불가능,구분안함,있음,없음,없음,불가능
KCCBSPO22N000000601,북카페,서울특별시 동대문구 고산자로28길 13 (용두동) 2층,독서활동 장소,가능,구분,있음,있음,없음,불가능
KCCBSPO22N000000602,카툰 & 북카페 아지트,서울특별시 동대문구 망우로18가길 3,"시립대 주변 아늑한 만화카페, 연인들 데이트 코스",가능,구분,있음,없음,없음,불가능
KCCBSPO22N000000603,카페다니엘,서울특별시 동대문구 안암로 122,독서활동 장소,가능,구분,있음,있음,없음,불가능
KCCBSPO22N000000604,동네책방,서울특별시 동대문구 안암로6길 19 1층,"다양한 사람들이 모여 스스로 배우고, 서로를 살리며, 도시 속에서 이웃과 함께 즐겁게 살아가는 방식을 실험해가는 창의적 공유지",가능,구분,있음,없음,없음,불가능
KCCBSPO22N000000605,이문일공칠,서울특별시 동대문구 이문로 107 한국외대 교수회관 1층,"지역 대학, 기관 연계 지식, 교양, 창업, 전시, 공연 등의 프로그램을 운영",불가능,구분,있음,없음,없음,불가능
KCCBSPO22N000000606,장안벚꽃길,서울특별시 동대문구 장한로26길 85,독서활동 장소,불가능,구분안함,있음,없음,없음,불가능
KCCBSPO22N000000607,이야기카페,서울특별시 동대문구 전농로3길 106,바베큐장 내 카페,불가능,구분안함,있음,없음,없음,불가능
KCCBSPO22N000000608,놀숲 외대후문점,서울특별시 동대문구 천장산로7길 4 2층,"일상에 즐거운 경험을 더하는 문화공간 카툰앤북카페, 편안한 좌석에서 맛있는 음식과 함께 책도 볼 수 있는 멀티 엔터테인먼트",불가능,구분,있음,없음,없음,불가능
KCCBSPO22N000000609,다누리북카페,서울특별시 동대문구 천호대로65길 17 답십리청소년독서실,독서활동 장소,불가능,구분안함,있음,없음,없음,불가능
KCCBSPO22N000000610,너나들이 만화카페,서울특별시 동대문구 회기로13길 19 지층 너나들이 만화카페,만화카페,가능,구분,있음,없음,없음,불가능
KCCBSPO22N000000611,놀숲 경희대점,서울특별시 동대문구 회기로13길 6 지층,"일상에 즐거운 경험을 더하는 문화공간 카툰앤북카페, 편안한 좌석에서 맛있는 음식과 함께 책도 볼 수 있는 멀티 엔터테인먼트",불가능,구분,있음,없음,없음,불가능
KCCBSPO22N000000612,놀숲 노량진점,서울특별시 동작구 노량진로 176 B1,"일상에 즐거운 경험을 더하는 문화공간 카툰앤북카페, 편안한 좌석에서 맛있는 음식과 함께 책도 볼 수 있는 멀티 엔터테인먼트",불가능,구분,있음,없음,없음,불가능
KCCBSPO22N000000613,놀숲 이수역점,서울특별시 동작구 동작대로27길 5 지안플라자 지하1층,"일상에 즐거운 경험을 더하는 문화공간 카툰앤북카페, 편안한 좌석에서 맛있는 음식과 함께 책도 볼 수 있는 멀티 엔터테인먼트",불가능,구분,있음,없음,없음,불가능
KCCBSPO22N000000614,지금의 세상,서울특별시 동작구 동작대로3길 41 1층,인스타 오픈 시간 확인. 마음을 어루만져줄 책들 준비,불가능,구분안함,있음,없음,없음,불가능
KCCBSPO22N000000615,M&H Books,서울특별시 동작구 동작대로3길 6,독서활동 장소,불가능,구분안함,있음,없음,없음,불가능
KCCBSPO22N000000616,놀숲 보라매점,서울특별시 동작구 보라매로5가길 16 6층,"일상에 즐거운 경험을 더하는 문화공간 카툰앤북카페, 편안한 좌석에서 맛있는 음식과 함께 책도 볼 수 있는 멀티 엔터테인먼트",불가능,구분,있음,없음,없음,불가능
KCCBSPO22N000000617,쉼표 만화카페,서울특별시 동작구 사당로 295 b1,"이색데이트공간 만화카페, 3만 6천권 도서 보유, 100평 규모의 넓이",불가능,구분,있음,없음,없음,불가능
KCCBSPO22N000000618,쉼표숭실대점,서울특별시 동작구 사당로 4,만화카페,불가능,구분안함,있음,없음,없음,불가능
KCCBSPO22N000000619,리네스카페,서울특별시 동작구 사당로26길 111 리네스카페,"바쁜 현대인들이 편안히 쉴 수 있는, 힐링을 할 수 있는 공간, 베이커리를 즐길 수 있고 북카페의 특성상 책도 즐겁게 감상할 수 있음",불가능,구분안함,있음,없음,없음,불가능
KCCBSPO22N000000620,와인톡,서울특별시 동작구 상도로 282,,불가능,구분안함,있음,없음,없음,불가능
KCCBSPO22N000000621,상도중앙작은도서관북카페,서울특별시 동작구 상도로15길 47 1층,,가능,구분,있음,있음,없음,불가능
KCCBSPO22N000000622,대륙서점,서울특별시 동작구 성대로 40 1층대륙서점,"다양한 국내외도서 취급, 간단한음료들과 각종 문화행사 개최",가능,구분안함,있음,없음,없음,불가능
KCCBSPO22N000000623,오누이,서울특별시 동작구 시흥대로 676 혜석빌딩,"품격있는 박물관의 컨셉, 대리석 마감으로 은은하고 고급스러운 분위기에 그림들과 책들이 공간을 한층 더 꾸며줌",가능,구분안함,있음,없음,없음,불가능
KCCBSPO22N000000624,데어이즈북스,서울특별시 마포구 도화2길 27 3층 - 4층,"도시생활자를 위한 인문책방, 그림책방",불가능,구분,있음,없음,없음,불가능
KCCBSPO22N000000625,로뎀나무밑,서울특별시 마포구 독막로 176,도심 속 숲에서 즐기는 커피와 맥주를 동시 즐길 수 있는 공간,불가능,구분안함,있음,없음,없음,불가능
KCCBSPO22N000000626,이루리북스,서울특별시 마포구 독막로 320 태영데시앙루브 B105호,아동그림책 전문점,가능,구분,있음,없음,없음,불가능
KCCBSPO22N000000627,책과 밤 낮,서울특별시 마포구 독막로 54 2층 책과 밤 낮,북카페 겸 와인바,불가능,구분,있음,없음,없음,불가능
KCCBSPO22N000000628,문학살롱 초고,서울특별시 마포구 독막로2길 30,여러 분야의 창작자들이 운영하는 '서점X칵테일바',불가능,구분안함,있음,없음,없음,불가능
KCCBSPO22N000000629,카페투니온,서울특별시 마포구 독막로3길 28-17,"스타 웹툰 작가님 들의 북토크쇼 및 팬미팅, 강좌, 대담 등의 행사 동영상을 발송",불가능,구분안함,있음,없음,없음,불가능
KCCBSPO22N000000630,다산북살롱,서울특별시 마포구 독막로3길 39 2층 다산빌딩 2층 다산북살롱,"다산북스가 운영하는 콘텐츠 카페, 독서, 공부, 모임, 세미나, 워크숍 및 책과 관련된 모든 활동이 이루어지는 곳",불가능,구분,있음,없음,없음,불가능
KCCBSPO22N000000631,서사 당신의 서재,서울특별시 마포구 동교로12길 3 2층,"서재를 컨셉으로 만든 카페, 또한 삶의 맥락, 브랜드 경험, 생각의 발견이라는 주제를 선정하여 독서모임 실행",불가능,구분안함,있음,없음,있음,가능
KCCBSPO22N000000632,번역가의 서재,서울특별시 마포구 동교로17길 67 101호,양질의 번역서와 해외 출판물을 소개하는 동네 책방,불가능,구분안함,있음,없음,없음,불가능
KCCBSPO22N000000633,카페 스케치북,"서울특별시 마포구 동교로22길 14 1층, 2층","독서활동 장소, 브런치를 즐길 수 있음",불가능,구분안함,있음,없음,없음,불가능
KCCBSPO22N000000634,공상온도,서울특별시 마포구 동교로23길 40 지하,"금, 토는 정오~자정 영업. 복합 문화 공간",불가능,구분안함,있음,없음,없음,불가능
KCCBSPO22N000000635,북카페산책 고용플러스점,서울특별시 마포구 마포대로 63-8 삼창주택 4층,고용보험센터 내 카페,가능,구분,있음,있음,없음,불가능
KCCBSPO22N000000636,테이스티,서울특별시 마포구 마포대로4다길 31,독서활동 장소,불가능,구분안함,있음,없음,없음,불가능
KCCBSPO22N000000637,공간 산마루,서울특별시 마포구 만리재로 74 신공덕2차 삼성래미안 상가1층,"건강한 음료와 책, 그리고 공간제공을 통해 다양한 소규모 클래스, 모임, 플리마켓, 전시, 여러 지원프로그램등을 기획",가능,구분,있음,없음,없음,불가능
KCCBSPO22N000000638,카페홈즈,서울특별시 마포구 망원로 73 2층,독서활동 장소,불가능,구분안함,있음,없음,없음,불가능
KCCBSPO22N000000639,북카페산책 상암점,서울특별시 마포구 매봉산로 18 창업복지관 1층,독서활동 장소,불가능,구분안함,있음,없음,없음,불가능
KCCBSPO22N000000640,북카페산책 산학협력센터점,서울특별시 마포구 매봉산로 37 산학협력센터 1층,독서활동 장소,불가능,구분안함,있음,없음,없음,불가능
KCCBSPO22N000000641,산책3호점,서울특별시 마포구 매봉산로 37,독서활동 장소,불가능,구분안함,있음,없음,없음,불가능
KCCBSPO22N000000642,커피랑도서관 서강대점,서울특별시 마포구 백범로 28 제2서강빌딩 B1,"2000여권의 도서 보유 및 대여 가능, 이용시간내 핸드드립 외 각종차 무료 제공, 사물함 이용가능",가능,구분,있음,없음,없음,불가능
KCCBSPO22N000000643,허부북카페,서울특별시 마포구 상암산로1길 15,독서활동 장소,가능,구분,있음,있음,없음,불가능
KCCBSPO22N000000644,산책,서울특별시 마포구 성미산로17길 79 서울공공주택연남동희망원룸,,불가능,구분안함,있음,없음,없음,불가능
KCCBSPO22N000000645,서점 리스본,서울특별시 마포구 성미산로23길 60,"생일책, 비밀책 등 다양한 테마가 있는 서점",불가능,구분안함,있음,없음,없음,불가능
KCCBSPO22N000000646,연남동 끄트머리,서울특별시 마포구 성미산로23길 74,"전시, 원데이클래스 진행",불가능,구분안함,있음,없음,없음,불가능
KCCBSPO22N000000647,책방 곱셈,서울특별시 마포구 성미산로29길 33 1층,출판관계자 및 디자이너 영감 도서,불가능,구분안함,있음,없음,없음,불가능
KCCBSPO22N000000648,사이에,서울특별시 마포구 성미산로31길 13 2층,여행 전문 서점,불가능,구분안함,있음,없음,없음,불가능
KCCBSPO22N000000649,동네책방개똥이네책놀이터,서울특별시 마포구 성미산로3나길 16,아이와 부모가 함께 책 읽는 문화를 만들고자 함,불가능,구분안함,있음,없음,없음,불가능
KCCBSPO22N000000650,디벙크,서울특별시 마포구 성지1길 30 더보이드빌딩 지하1층,"문화와 예술의 공간, 따뜻한 휴식의 공간, 좋은사람들이 만나 멋진 이야기와 생각을 나누는 공간",불가능,구분,있음,없음,없음,불가능
KCCBSPO22N000000651,단편집,서울특별시 마포구 신촌로4길 5-25,독서활동 장소,불가능,구분,있음,없음,없음,불가능
KCCBSPO22N000000652,에디토리얼카페비플러스,서울특별시 마포구 양화로12길 16-12 찬홍,"합정북카페, 비플러스만의 커피와 음료, 핸드메이드 디저트, 특별하고 진한 밀크티, 세계맥주",가능,구분안함,있음,없음,없음,불가능
KCCBSPO22N000000653,놀숲플러스 홍대점,서울특별시 마포구 양화로16길 29 B1,"24시간을 운영하는 프리미엄 복합문화공간, 150평 규모의 공간 기획과 편의시설을 구비",불가능,구분,있음,없음,없음,불가능
KCCBSPO22N000000654,카페 본주르,서울특별시 마포구 양화로21길 23 2층,동료 예술가들이 함께 모여 만든 카페 & 아트샵,불가능,구분안함,있음,없음,없음,불가능
KCCBSPO22N000000655,땡스북스,서울특별시 마포구 양화로6길 57-6,큐레이션 서점,불가능,구분안함,있음,없음,없음,불가능
KCCBSPO22N000000656,청춘124 R&D센터,서울특별시 마포구 양화로7길 44-7 1층 청춘124 개발실,"1년 12달, 4계절 맛있는 커피와 음료를 제공, 메뉴의 연구 및 개발 센터로 개발메뉴 시음 및 다양한 이벤트 제공",불가능,구분안함,있음,없음,없음,불가능
KCCBSPO22N000000657,이마녀 중국어 수프,서울특별시 마포구 어울마당로5길 52 2층,"중국원서, 중국과 관련된 다양한 도서를 판매하는 중국 전문 서점",불가능,구분안함,있음,없음,없음,불가능
KCCBSPO22N000000658,카페책속의한줄,서울특별시 마포구 연남로3길 22-15,독서활동 장소,불가능,구분안함,있음,없음,없음,불가능
KCCBSPO22N000000659,산책경의선숲길,서울특별시 마포구 연희로1길 43 1층 101호,독서활동 장소,불가능,구분안함,있음,없음,없음,불가능
KCCBSPO22N000000660,도화서가 홍대점,서울특별시 마포구 와우산로 111 3층,"음료를 마시며, 그림을 그리고, 책을 보며 이야기와 사랑이 싹트는 공간",가능,구분,있음,없음,없음,불가능
KCCBSPO22N000000661,만화살롱 유어마나,서울특별시 마포구 와우산로 13 B1,"복합만화공간, 풍미 가득한 커피와 부드럽고 달콤한 쿠키, 수제 맥주를 즐길 수 있음",불가능,구분안함,있음,없음,없음,불가능
KCCBSPO22N000000662,딩굴딩굴,서울특별시 마포구 와우산로 151,"홍대에서 가장 넓고 가장 편안한 굴이 50개, 40000권의 만화책, 부담없이 즐길 수 있는 카페 메뉴들",불가능,구분,있음,없음,없음,불가능
KCCBSPO22N000000663,gaga77page,서울특별시 마포구 와우산로15길 50 2층,북토크와 공연 맥주와 커피 그리고 책,불가능,구분안함,있음,없음,있음,가능
KCCBSPO22N000000664,북카페 리벤,서울특별시 마포구 와우산로23길 18-8,카톨릭계열 카페,불가능,구분안함,있음,없음,없음,불가능
KCCBSPO22N000000665,대화상점,서울특별시 마포구 와우산로29길 45 성암빌딩 지하1층,"사람과 사람 사이의 대화를 만드는 독서 커뮤니티, 매달 다양한 컨셉의 북클럽이 열리며, 북클럽 이외의 시간에는 스터디룸, 파티룸 등의 대관장소로 운영",불가능,구분안함,있음,없음,있음,가능
KCCBSPO22N000000666,청춘문화싸롱,서울특별시 마포구 와우산로29바길 19 삼이빌딩,"앉아서 혹은 누워서 만화도 보고 때론 강연, 공연도 즐길 수 있음",불가능,구분안함,있음,없음,없음,불가능
KCCBSPO22N000000667,와우살롱,서울특별시 마포구 와우산로30길 21 청암빌딩,독서활동 장소,불가능,구분안함,있음,없음,없음,불가능
KCCBSPO22N000000668,북카페산책 하늘도서관점,서울특별시 마포구 월드컵로 212 마포구청 12층,독서활동 장소,가능,구분,있음,있음,없음,불가능
KCCBSPO22N000000669,북카페산책 보건소점,서울특별시 마포구 월드컵로 212 마포보건소 1층,보건소 내 북카페,가능,구분,있음,있음,없음,불가능
KCCBSPO22N000000670,달빛에홀린두더지,서울특별시 마포구 월드컵로 35,독서활동 장소,가능,구분,있음,있음,없음,불가능
KCCBSPO22N000000671,교보문고 합정점,"서울특별시 마포구 월드컵로1길 14 딜라이트스퀘어 1차(지하 1층), 2차(지하 2층)",다양한 국내외도서 취급,가능,구분,있음,없음,없음,불가능
KCCBSPO22N000000672,교보문고 합정점,"서울특별시 마포구 월드컵로1길 14 딜라이트스퀘어 1차(지하 1층), 2차(지하 2층)",다양한 국내외도서 취급,가능,구분,있음,없음,없음,불가능
KCCBSPO22N000000673,초록북카페,서울특별시 마포구 월드컵로31길 69,독서활동 장소,불가능,구분안함,있음,없음,없음,불가능
KCCBSPO22N000000674,러셀,서울특별시 마포구 월드컵북로12길 17 사평빌딩,독서활동 장소,불가능,구분안함,있음,없음,없음,불가능
KCCBSPO22N000000675,삼삼오오커피공작소,서울특별시 마포구 월드컵북로12길 20,"강의, 회의, 문화, 디자인, 교육, 모임등 공유를 할 수 있는공간, 편안함과 아늑한 분위기",불가능,구분안함,있음,없음,없음,불가능
KCCBSPO22N000000676,사사커피,서울특별시 마포구 월드컵북로56길 19 드림타워 1층 로비,직접 포스팅한 스페셜티한 커피,불가능,구분,있음,없음,없음,불가능
KCCBSPO22N000000677,수수책방,서울특별시 마포구 토정로 8-7 1층,"책과 차. 전시회, 문화예술, 소모임 대관 등",불가능,구분안함,있음,없음,없음,불가능
KCCBSPO22N000000678,타인 나 자신,서울특별시 마포구 토정로3길 5 3층,"책, 음악, 전시, 공연, 파티가 어우러진 문화살롱, 향기로운 차와 커피, 와인과 좋은 술 그리고 음식이 준비",가능,구분안함,있음,없음,없음,불가능
KCCBSPO22N000000679,놀숲 홍대입구점,서울특별시 마포구 홍익로 17 5층,편안한 좌석에서 맛있는 음식과 함께 책도 볼 수 있는 멀티 엔터테이먼트,불가능,구분,있음,없음,없음,불가능
KCCBSPO22N000000680,1984,서울특별시 마포구 동교로 194 혜원빌딩 1층,편집샵 겸 북카페,가능,구분안함,있음,있음,없음,불가능
KCCBSPO22N000000681,서울특별시의시간을그리다,서울특별시 서대문구 독립문로 31-6,한옥책방카페. 아트북과 일반서적,불가능,구분안함,있음,없음,없음,불가능
KCCBSPO22N000000682,놀숲 신촌점,서울특별시 서대문구 명물길 37 SD TOWER Ⅱ,가족/친구/인연과 함께 놀러와서 편안한 휴식을 즐길 수 있는 문화공간,가능,구분,있음,없음,없음,불가능
KCCBSPO22N000000683,커피똥,서울특별시 서대문구 명지대7길 22,독서활동 장소,불가능,구분안함,있음,없음,없음,불가능
KCCBSPO22N000000684,새솔북카페,서울특별시 서대문구 북아현로19길 58-21,,가능,구분,있음,있음,없음,불가능
KCCBSPO22N000000685,카페지느,서울특별시 서대문구 성산로22길 4 창천빌딩,간단하게 편히 쉴 수 있는 부담 적은 카페,불가능,구분안함,있음,없음,없음,불가능
KCCBSPO22N000000686,바로서점,서울특별시 서대문구 세검정로3길 56-9,화요일 부정기 영업. 국내외도서 및 카페,불가능,구분안함,있음,없음,없음,불가능
KCCBSPO22N000000687,미플,서울특별시 서대문구 신촌로 109 신촌 르메이에르타운5 B2,"하루 4000원으로 오전 9시~밤12시까지 공부가능, 신촌역에서 최단거리(1분)",가능,구분,있음,없음,없음,불가능
KCCBSPO22N000000688,위트 앤 시니컬,서울특별시 서대문구 신촌역로 22-8 대국빌딩 3층,함께 있는 프렌테에서는 각종 독립출판물 등 취급. 위트앤시니컬은 시 전문,가능,구분안함,있음,없음,없음,불가능
KCCBSPO22N000000689,굿브라더스페이스 신촌센터,서울특별시 서대문구 신촌역로 7,매우 넓은 스터디 공간. PPT에 용이한 전면 빔프로젝트 완비,가능,구분,있음,없음,없음,불가능
KCCBSPO22N000000690,책다방 위숨,서울특별시 서대문구 연세로9길 34-1 HJ 빌딩,"일하기 좋은 공부하기 좋은 몰입이 잘되는 공간, 2층과 3층 분리, 각 좌석마다 스텐드 및 콘센트 구비",가능,구분,있음,없음,없음,불가능
KCCBSPO22N000000691,일룸 엄마의서재,서울특별시 서대문구 연희로 148 1층,"엄마들이 서재와 친하게 지내면서 한동안 잊고 지냈던 여유와 재충전의 기쁨을 느낄 수 있는 곳,",불가능,구분안함,있음,없음,없음,불가능
KCCBSPO22N000000692,더 미디엄,서울특별시 서대문구 연희로15길 27,독서활동 장소,불가능,구분안함,있음,없음,없음,불가능
KCCBSPO22N000000693,초콜릿책방,서울특별시 서대문구 연희로5길 46-11,독서활동 장소,가능,구분안함,있음,없음,없음,불가능
KCCBSPO22N000000694,스위밍풀,서울특별시 서대문구 이화여대1길 38,편안한 분위기 속에서 공부도 하면서 여유를 즐길 수 있는 공간,불가능,구분,있음,없음,없음,불가능
KCCBSPO22N000000695,스근한 책방,서울특별시 서대문구 이화여대2길 26 101호,독서모임 통해 접한 책들과 독립출간물을 소개. 영업시간 인스타그램 참조,불가능,구분,있음,없음,없음,불가능
KCCBSPO22N000000696,나따오비까 with 북카페 파오,서울특별시 서대문구 이화여대길 34 신흥빌딩 3층,크림No! 우유100% 포르투갈식 전통 에그타르트,불가능,구분안함,있음,없음,없음,불가능
KCCBSPO22N000000697,놀숲 이대점,서울특별시 서대문구 이화여대길 75 이화타워 6층,"커피만 즐길 수 있던 카페와는 다른 만화책도 보고, 맛있는 간식이 있는 문화카페",불가능,구분,있음,없음,없음,불가능
KCCBSPO22N000000698,꽃피다이화다방,서울특별시 서대문구 이화여대길 75,독서활동 장소,불가능,구분안함,있음,없음,없음,불가능
KCCBSPO22N000000699,푸른북카페,서울특별시 서대문구 증가로 191 남가좌삼성아파트,독서활동 장소,가능,구분,있음,있음,없음,불가능
KCCBSPO22N000000700,꿈틀허브,서울특별시 서대문구 증가로10길 90,독서활동 장소,불가능,구분안함,있음,없음,없음,불가능
KCCBSPO22N000000701,개러지레옹스,서울특별시 서초구 방배중앙로 170 지하1층,프랑스서점 프랑스 전문 서점,가능,구분,있음,없음,없음,불가능
KCCBSPO22N000000702,영풍문고 사당역점,서울특별시 서초구 방배천로 11 사당파스텔시티 지하 2층,다양한 국내외도서 취급,불가능,구분안함,있음,없음,없음,불가능
KCCBSPO22N000000703,글풍경,서울특별시 서초구 방배천로2길 39-16,"도서출판과 커피와 와인 세계맥주를 마실 수 있는 카페, 책과 그림 음악이 아우러짐",가능,구분,있음,없음,없음,불가능
KCCBSPO22N000000704,라이크잇커피앤북스,서울특별시 서초구 방배천로30길 26 상은빌딩,"신선한 커피와 카페에서 구운 수제 케익을 만날 수 있음, 커피교실과 독서모임을 진행",가능,구분,있음,없음,있음,가능
KCCBSPO22N000000705,놀숲 교대점,서울특별시 서초구 사임당로 46 2층,"커피만 즐길 수 있던 카페와는 다른 만화책도 보고, 맛있는 간식이 있는 문화카페",불가능,구분,있음,없음,없음,불가능
KCCBSPO22N000000706,우리동네 서재,서울특별시 서초구 사임당로19길 6 서초현대아파트 상가동,서점 및 카페 공간,가능,구분안함,있음,없음,없음,불가능
KCCBSPO22N000000707,심산북카페,서울특별시 서초구 사평대로 55 심산김창숙선생기념관,독서활동 장소,불가능,구분안함,있음,없음,없음,불가능
KCCBSPO22N000000708,CAFE SKY & LIBRARY,"서울특별시 서초구 서래로 32 서래센타빌딩 4층 2호, 5층","서래마을의 대로변 중심부에 위치, 서초구의 자연 공간인 우면산 산책로와 몽마르트 공원이 있음, 가급적 오래 앉아서 공부와 연구 및 미팅 작업에 몰두할 수 있도록 최대한의 서비스 제공",가능,구분,있음,없음,없음,불가능
KCCBSPO22N000000709,놀숲 강남교보타워점,서울특별시 서초구 서초대로77길 58 트라이앤드빌딩 B1,"일상에 즐거운 경험을 더하는 문화공간 카툰앤북카페, 편안한 좌석에서 맛있는 음식과 함께 책도 볼 수 있는 멀티 엔터테인먼트",불가능,구분,있음,없음,없음,불가능
KCCBSPO22N000000710,반디앤루니스 신세계백화점 강남점 B1층,서울특별시 서초구 신반포로 176 신세계백화점 B1층,다양한 국내외도서 취급,불가능,구분안함,있음,없음,없음,불가능
KCCBSPO22N000000711,사랑해북갤러리,서울특별시 서초구 양재천로7길 16,독서활동 장소,불가능,구분안함,있음,없음,없음,불가능
KCCBSPO22N000000712,commeunbebe,서울특별시 성동구 마장로 137 텐즈힐상가 2층 102호,"아이들을 위한 다양한 책들로 이용할 수 있는 키즈 북카페, 평일 오후 1/3/5와 토요일 11시는 키즈 쿠킹스쿨이 준비",불가능,구분안함,있음,없음,없음,불가능
KCCBSPO22N000000713,놀숲 한양대점,서울특별시 성동구 마조로 11 3층,"커피만 즐길 수 있던 카페와는 다른 만화책도 보고, 맛있는 간식이 있는 문화카페",불가능,구분,있음,없음,없음,불가능
KCCBSPO22N000000714,북카페 다온,서울특별시 성동구 매봉길 21 4층,지역센터내 북카페,불가능,구분안함,있음,없음,없음,불가능
KCCBSPO22N000000715,영풍문고 왕십리역점,서울특별시 성동구 왕십리광장로 17 비트플렉스 3층,다양한 국내외도서 취급,불가능,구분안함,있음,없음,없음,불가능
KCCBSPO22N000000716,옥수서재,서울특별시 성동구 한림말1길 16-1 B1층,"역사, 문학, 예술, 어린이 책들 그리고 커피와 차",불가능,구분안함,있음,없음,없음,불가능
KCCBSPO22N000000717,베리북카페,서울특별시 성동구 한림말길 53 지하 1층,"지식컨텐츠로 소통하는 에듀카페, 기즈북카페",불가능,구분안함,있음,없음,없음,불가능
KCCBSPO22N000000718,놀숲 고대안암역점,서울특별시 성북구 개운사길 8 타이거빌딩,"일상에 즐거운 경험을 더하는 문화공간 카툰앤북카페, 편안한 좌석에서 맛있는 음식과 함께 책도 볼 수 있는 멀티 엔터테인먼트",불가능,구분,있음,없음,없음,불가능
KCCBSPO22N000000719,지식을담다,서울특별시 성북구 고려대로24가길 17 소낭구,독서활동 장소,불가능,구분안함,있음,없음,없음,불가능
KCCBSPO22N000000720,카페인북,서울특별시 성북구 길음로 14 2층,독서활동 장소,불가능,구분안함,있음,없음,없음,불가능
KCCBSPO22N000000721,원애플어데이,서울특별시 성북구 동소문로29길 10 1층,"독립 서적물 및 출판. 맥주, 커피",불가능,구분안함,있음,없음,없음,불가능
KCCBSPO22N000000722,부비프,서울특별시 성북구 보문로30가길 31 1층,독립출판물과 일반단행본 취급. 커피와 와인이 함께하는 책방,불가능,구분,있음,없음,없음,불가능
KCCBSPO22N000000723,소일,서울특별시 성북구 보문로32길 40 한국야쿠르트,"공정무역 커피를 사용하며, 소중한 일상 속의 만남과 문화가 어우러지는 공간",불가능,구분안함,있음,없음,없음,불가능
KCCBSPO22N000000724,놀숲 성신여대점,서울특별시 성북구 보문로34길 62 4층,"일상에 즐거운 경험을 더하는 문화공간 카툰앤북카페, 편안한 좌석에서 맛있는 음식과 함께 책도 볼 수 있는 멀티 엔터테인먼트",불가능,구분,있음,없음,없음,불가능
KCCBSPO22N000000725,북앤카페,서울특별시 성북구 삼선교로 54,,가능,구분,있음,있음,없음,불가능
KCCBSPO22N000000726,일일문고,서울특별시 성북구 삼양로 27 1층,"독립출판물과 건축, 디자인 서적을 판매",불가능,구분,있음,없음,있음,가능
KCCBSPO22N000000727,북카페리비,서울특별시 성북구 오패산로16가길 99,신선한 샐러드와 100% 생과일 주스의 만남,가능,구분안함,있음,없음,없음,불가능
KCCBSPO22N000000728,행복한카페,서울특별시 성북구 오패산로3길 153,독서활동 장소,불가능,구분안함,있음,없음,없음,불가능
KCCBSPO22N000000729,햇살속으로,서울특별시 성북구 정릉로 346 1층,독서활동 장소,불가능,구분안함,있음,없음,없음,불가능
KCCBSPO22N000000730,종암동북카페,서울특별시 성북구 종암로 98-8,주민센터내 북카페,불가능,구분안함,있음,없음,없음,불가능
KCCBSPO22N000000731,커피베이 성북종암점,서울특별시 성북구 종암로21길 87,독서활동 장소,불가능,구분안함,있음,없음,없음,불가능
KCCBSPO22N000000732,래미안 석관북카페,서울특별시 성북구 화랑로 214,독서활동 장소,가능,구분,있음,있음,없음,불가능
KCCBSPO22N000000733,놀숲 문정로데오점,서울특별시 송파구 동남로4길 7-1 201호,"일상에 즐거운 경험을 더하는 문화공간 카툰앤북카페, 편안한 좌석에서 맛있는 음식과 함께 책도 볼 수 있는 멀티 엔터테인먼트",불가능,구분안함,있음,없음,없음,불가능
KCCBSPO22N000000734,놀숲 잠실점,서울특별시 송파구 백제고분로 173 지하1층 놀숲,"일상에 즐거운 경험을 더하는 문화공간 카툰앤북카페, 편안한 좌석에서 맛있는 음식과 함께 책도 볼 수 있는 멀티 엔터테인먼트",불가능,구분,있음,없음,없음,불가능
KCCBSPO22N000000735,놀숲 송파점,서울특별시 송파구 백제고분로 387,"일상에 즐거운 경험을 더하는 문화공간 카툰앤북카페, 편안한 좌석에서 맛있는 음식과 함께 책도 볼 수 있는 멀티 엔터테인먼트",불가능,구분안함,있음,없음,없음,불가능
KCCBSPO22N000000736,놀숲,서울특별시 송파구 석촌호수로 194,만화카페,가능,구분,있음,있음,없음,불가능
KCCBSPO22N000000737,놀숲 송파구청점,서울특별시 송파구 오금로11길 11-8 2층,"일상에 즐거운 경험을 더하는 문화공간 카툰앤북카페, 편안한 좌석에서 맛있는 음식과 함께 책도 볼 수 있는 멀티 엔터테인먼트",가능,구분,있음,없음,없음,불가능
KCCBSPO22N000000738,카페자우,서울특별시 송파구 올림픽로 269 롯데캐슬골드 B1 교보문고 핫트랙스 내,독서활동 장소,불가능,구분안함,있음,없음,없음,불가능
KCCBSPO22N000000739,알라딘중고서점 COFFEE 잠실롯데월드타워점,서울특별시 송파구 올림픽로 305 지하1층 10번 출구 나가는 길,다양한 국내외 중고도서 취급,불가능,구분,있음,없음,없음,불가능
KCCBSPO22N000000740,놀숲 목동오목교점,서울특별시 양천구 목동동로 258 지하1층,"일상에 즐거운 경험을 더하는 문화공간 카툰앤북카페, 편안한 좌석에서 맛있는 음식과 함께 책도 볼 수 있는 멀티 엔터테인먼트",가능,구분안함,있음,없음,없음,불가능
KCCBSPO22N000000741,집중소,서울특별시 양천구 목동동로 401 부영그린타운 2차 1동 210호,집중을 위한 모든 배려가 있는곳,가능,구분,있음,없음,없음,불가능
KCCBSPO22N000000742,사해책방,서울특별시 양천구 목동중앙북로 33-20,"다양한 국내외도서, 원데이클래스 소모임 등 공간 대여 가능, 카페",불가능,구분안함,있음,없음,없음,불가능
KCCBSPO22N000000743,연의공원북카페,서울특별시 양천구 신정이펜1로 12,독서활동 장소,가능,구분,있음,있음,없음,불가능
KCCBSPO22N000000744,은행정마을북카페,서울특별시 양천구 오목로 110,양천구 지역 주민들이 누구나 쉽고 평등하게 지식과 정보를 자발적으로 나누고 소통하는 학습과 문화의 공간,불가능,구분안함,있음,없음,없음,불가능
KCCBSPO22N000000745,일상상상,서울특별시 양천구 오목로15길 14 1층 일상상상케페,도서판매/도서대여/커피와 차/장소대관/원데이클래스,불가능,구분안함,있음,없음,없음,불가능
KCCBSPO22N000000746,새벽감성1집,서울특별시 양천구 월정로50길 16-8 101호,"화요일은 오후3시까지 영업. 여행, 고양이, 에세이, 소설, 독립서적 주로 취급",가능,구분,있음,없음,없음,불가능
KCCBSPO22N000000747,마녀의만화소굴,서울특별시 양천구 중앙로 262 메디칼프라자 지층 101호,"럭셔리 만화카페 마녀의 만화소굴, 도심 속 작은 휴식공간 편하게 만화도 읽고 간식도 먹으면서 실내데이트 하기 좋은 장소",가능,구분,있음,없음,없음,불가능
KCCBSPO22N000000748,놀숲 신정네거리역점,서울특별시 양천구 중앙로 265,"일상에 즐거운 경험을 더하는 문화공간 카툰앤북카페, 편안한 좌석에서 맛있는 음식과 함께 책도 볼 수 있는 멀티 엔터테인먼트",가능,구분,있음,없음,없음,불가능
KCCBSPO22N000000749,그림책식당,서울특별시 영등포구 도림로128가길 13-8,"그림책에 관련된 다양한 워크샵, 출간 기념회, 이벤트행사 등을 하는 장소",가능,구분안함,있음,없음,없음,불가능
KCCBSPO22N000000750,늘,서울특별시 영등포구 선유로55길 11 1층,세계 곳곳의 다양한 삶의 모습이 담긴 큐레이션 도서들과 일상을 여행의 설렘으로 가득 채워 줄 이벤트,가능,구분안함,있음,없음,없음,불가능
KCCBSPO22N000000751,향기나무,서울특별시 영등포구 신풍로25가길 14,"그림교실, 부모교육 참여 및 양육상담신청 카톡으로 가능",불가능,구분안함,있음,없음,없음,불가능
KCCBSPO22N000000752,두나미스커피 보라매점,서울특별시 영등포구 여의대방로 137,"남녀노소 누구나 이용하능한 열매맺는 문화공간, 스터디룸, 세미나실, 단체예약이 가능",불가능,구분안함,있음,없음,없음,불가능
KCCBSPO22N000000753,휴앤안 커피,서울특별시 영등포구 여의대방로29길 10 그랑프리텔,"인테리어가 예쁜 카페, 두개의 공간으로 나뉘어 한번에 두개의 카페에 온 듯한 느낌, 빔프로젝터 설치",가능,구분안함,있음,없음,없음,불가능
KCCBSPO22N000000754,어썸북카페,서울특별시 영등포구 영신로 238 번지 미소로프라자 5층,"커피와 음료가 무제한 제공되며, 스터디름 완비되어 그룹스더디 가능",불가능,구분안함,있음,없음,없음,불가능
KCCBSPO22N000000755,수만화카페,서울특별시 영등포구 영신로19길 7,만화카페,불가능,구분,있음,없음,없음,불가능
KCCBSPO22N000000756,놀숲 한남점,서울특별시 용산구 대사관로34길 26 2층,"일상에 즐거운 경험을 더하는 문화공간 카툰앤북카페, 편안한 좌석에서 맛있는 음식과 함께 책도 볼 수 있는 멀티 엔터테인먼트",불가능,구분안함,있음,없음,없음,불가능
KCCBSPO22N000000757,치읓,서울특별시 용산구 신흥로 23,북카페,불가능,구분안함,있음,없음,없음,불가능
KCCBSPO22N000000758,노들서가,서울특별시 용산구 양녕로 445 노들서가,책문화 생산자의 플랫폼,불가능,구분,있음,없음,없음,불가능
KCCBSPO22N000000759,북파크,서울특별시 용산구 이태원로 294,국내외 과학을 비롯한 양서,불가능,구분안함,있음,없음,없음,불가능
KCCBSPO22N000000760,놀숲 이태원점,서울특별시 용산구 이태원로20길 2-10 3층,"일상에 즐거운 경험을 더하는 문화공간 카툰앤북카페, 편안한 좌석에서 맛있는 음식과 함께 책도 볼 수 있는 멀티 엔터테인먼트",불가능,구분안함,있음,없음,없음,불가능
KCCBSPO22N000000761,놀숲 숙대입구점,서울특별시 용산구 청파로47길 52 지하1층,"일상에 즐거운 경험을 더하는 문화공간 카툰앤북카페, 편안한 좌석에서 맛있는 음식과 함께 책도 볼 수 있는 멀티 엔터테인먼트",불가능,구분,있음,없음,없음,불가능
KCCBSPO22N000000762,영풍문고 용산 아이파크몰점,서울특별시 용산구 한강대로23길 55 아이파크몰 리빙파크 3층,다양한 국내외도서 취급,가능,구분안함,있음,없음,없음,불가능
KCCBSPO22N000000763,Beleben,서울특별시 용산구 회나무로12길 5 Beleben 벨리븐,국내외 희귀도서 고서 아트북 화보집 만화책 시집 초판본 등 다양한 서적,불가능,구분안함,있음,없음,없음,불가능
KCCBSPO22N000000764,더킴,서울특별시 은평구 불광천길 390-2,"1층 애완견과 출입할 수 있는 테라스, 2층 창밖 뷰가 좋음, 3층 작은룸과 좌식테이블 입식테이블",불가능,구분,있음,없음,없음,불가능
KCCBSPO22N000000765,갈마루,서울특별시 은평구 연서로27길 31-6 갈현2동주민센터,,가능,구분,있음,있음,없음,불가능
KCCBSPO22N000000766,놀숲 연신내로데오점,서울특별시 은평구 연서로29길 6 3층,"일상에 즐거운 경험을 더하는 문화공간 카툰앤북카페, 편안한 좌석에서 맛있는 음식과 함께 책도 볼 수 있는 멀티 엔터테인먼트",불가능,구분,있음,없음,없음,불가능
KCCBSPO22N000000767,책꼬리,서울특별시 은평구 응암로16길 22 1층,카페와 책방,불가능,구분안함,있음,없음,없음,불가능
KCCBSPO22N000000768,알키미스타 북스,서울특별시 은평구 응암로9길 24 1층,"책과 함께하는 커피, 술",가능,구분,있음,없음,없음,불가능
KCCBSPO22N000000769,앵프라맹스,서울특별시 은평구 증산로3길 7 서머나교회,도서 오픈마켓 북코아에서 창립한 서점형 카페,가능,구분안함,있음,없음,없음,불가능
KCCBSPO22N000000770,놀숲 구파발역점,서울특별시 은평구 진관2로 15-8 2층 205호,"커피만 즐길 수 있던 카페와는 다른 만화책도 보고, 맛있는 간식이 있는 문화카페",가능,구분안함,있음,없음,없음,불가능
KCCBSPO22N000000771,한평책빵,서울특별시 은평구 통일로 684,,불가능,구분안함,있음,없음,없음,불가능
KCCBSPO22N000000772,일공공,서울특별시 은평구 통일로 833-6 대덕타워 지하1층,"IT북카페 겸 스터디카페, 일하고 공부하는 공간",불가능,구분,있음,없음,없음,불가능
KCCBSPO22N000000773,일공공,서울특별시 은평구 통일로 833-6 대덕타워 지하1층,"IT북카페 겸 스터디카페, 일하고 공부하는 공간 일공공, 일이나 공부를 하기 위해 카페를 가시는 분들께 더 좋은 환경 제공",불가능,구분,있음,없음,없음,불가능
KCCBSPO22N000000774,카페 에무,서울특별시 종로구 경희궁1가길 7 1층,"사계절 책 향기가 나는 집, 40년 가까이 성장의 의미를 고민해온 사계절 출판사의 철학과 시대정신을 담은 책들을 선보임",가능,구분안함,있음,없음,없음,불가능
KCCBSPO22N000000775,바오로딸 혜화나무,서울특별시 종로구 대학로12길 38 바오로딸 혜화나무,"가톨릭 수녀들이 운영하는 문화커뮤니케이션센터, 서점 공방",가능,구분,있음,없음,없음,불가능
KCCBSPO22N000000776,문화공간 포엠하우스,서울특별시 종로구 대학로14길 12-1,독서활동 장소,불가능,구분안함,있음,없음,없음,불가능
KCCBSPO22N000000777,책방이음,서울특별시 종로구 대학로14길 12-1,"시민단체 나와 우리에서 운영하는 비영리서점, 공익서점",불가능,구분안함,있음,없음,없음,불가능
KCCBSPO22N000000778,어쩌다 산책,서울특별시 종로구 동숭길 101 지하 1층,몸과 마음의 산책을 위한 서점,불가능,구분,있음,있음,없음,불가능
KCCBSPO22N000000779,운주문고 Book Cafe,서울특별시 종로구 북촌로1길 11 2층 운주문고 북카페,"전통의 한옥마을 북촌의 동양학 전문서점, 동양철학과 사상 종교, 동교오술 등에 관련된 전문서점",불가능,구분안함,있음,없음,없음,불가능
KCCBSPO22N000000780,서경북카페,서울특별시 종로구 사직로8길 31 서울지방경찰청,독서활동 장소,가능,구분,있음,있음,없음,불가능
KCCBSPO22N000000781,광화풍림문스페이스본북카페,서울특별시 종로구 사직로8길 4,독서활동 장소,가능,구분,있음,있음,없음,불가능
KCCBSPO22N000000782,놀숲 종로관철점,서울특별시 종로구 삼일대로17길 8 대신빌딩 3층,"일상에 즐거운 경험을 더하는 문화공간 카툰앤북카페, 편안한 좌석에서 맛있는 음식과 함께 책도 볼 수 있는 멀티 엔터테인먼트",불가능,구분,있음,없음,없음,불가능
KCCBSPO22N000000783,과학책방 갈다,서울특별시 종로구 삼청로10길 18,과학 도서 전문 서점,불가능,구분안함,있음,없음,없음,불가능
KCCBSPO22N000000784,인문학카페 메아리,서울특별시 종로구 새문안로5길 11-7,독서활동 장소,가능,구분,있음,있음,없음,불가능
KCCBSPO22N000000785,북바이북 광화문점,서울특별시 종로구 새문안로5길 19 로얄빌딩 1층,"서점과 카페, 동네서점",가능,구분,있음,있음,없음,불가능
KCCBSPO22N000000786,더숲 초소책방,서울특별시 종로구 인왕산로 172,[주차장 관련 안내] 주차장 사용이 매우 어려우니 가급적이면 도보/택시/대중교통 이용 부탁드립 니다.,불가능,구분,있음,있음,없음,불가능
KCCBSPO22N000000787,스타더스트,서울특별시 종로구 새문안로5길 5-7 3층,"광화문에 위치한 카페 & 모임공간, 카페 휴무 여부는 카카오톡채널로 확인",불가능,구분,있음,없음,없음,불가능
KCCBSPO22N000000788,풀무질,서울특별시 종로구 성균관로 19 지하,각종 사회문제에 관련한 도서 다수,가능,구분안함,있음,없음,없음,불가능
KCCBSPO22N000000789,사이에 Tea n Book,서울특별시 종로구 인사동5길 14,인사동 신개념 퓨전 복합 문화 공간,가능,구분,있음,없음,없음,불가능
KCCBSPO22N000000790,부쿠,서울특별시 종로구 인사동길 49 안녕인사동 4층,큐레이션 서점,불가능,구분안함,있음,없음,없음,불가능
KCCBSPO22N000000791,사진책방 고래,서울특별시 종로구 자하문로 106,사진책과 커피를 함께 만날 수 있는 책방,가능,구분안함,있음,없음,없음,불가능
KCCBSPO22N000000792,학아재,"서울특별시 종로구 자하문로 7길 36, 지하1층",유학 전문 서점,불가능,구분,있음,없음,없음,불가능
KCCBSPO22N000000793,청운효자동 주민센터북카페,서울특별시 종로구 자하문로 92,독서활동 장소,불가능,구분안함,있음,없음,없음,불가능
KCCBSPO22N000000794,역사책방,서울특별시 종로구 자하문로10길 24,역사책 위주의 서점 및 역사 주제의 북토크와 답사,불가능,구분안함,있음,없음,있음,가능
KCCBSPO22N000000795,ofr seoul,서울특별시 종로구 자하문로12길 11-14,외국 도서 및 소품들과 카페,가능,구분,있음,있음,없음,불가능
KCCBSPO22N000000796,길담서원,서울특별시 종로구 자하문로17길 12-9,인문학과 함께 크는 문화 공간,불가능,구분안함,있음,없음,없음,불가능
KCCBSPO22N000000797,문화공간 길담,서울특별시 종로구 자하문로17길 12-9,"작은 갤러리, 차와 커피",불가능,구분안함,있음,없음,없음,불가능
KCCBSPO22N000000798,베어카페,서울특별시 종로구 자하문로24길 24,출판사 디잔인이음에서 운영하는 베어카페,불가능,구분안함,있음,없음,없음,불가능
KCCBSPO22N000000799,비화림,서울특별시 종로구 창덕궁길 153 1층 비화림서점,큐레이션 서점,불가능,구분안함,있음,없음,있음,가능
KCCBSPO22N000000800,레드북스,서울특별시 종로구 통일로 150-1,"인문사회서적, 커피, 모임",불가능,구분안함,있음,없음,없음,불가능
KCCBSPO22N000000801,북커스,서울특별시 종로구 평창30길 10 2층,독서활동 장소,불가능,구분,있음,없음,없음,불가능
KCCBSPO22N000000802,ileile,서울특별시 종로구 필운대로2길 23,,불가능,구분안함,있음,없음,없음,불가능
KCCBSPO22N000000803,혜화마을 북카페,서울특별시 종로구 혜화로 12,독서활동 장소,가능,구분,있음,있음,없음,불가능
KCCBSPO22N000000804,PIT A PAT,서울특별시 종로구 혜화로3길 5 아남아파트 상가 301동 108호,혜화에 있는 조용한 북카페,가능,구분,있음,없음,없음,불가능
KCCBSPO22N000000805,부쿠엠,서울특별시 종로구 효자로7길 23 2층,매거진 서점. 국내/외 매거진 및 독립출판물을 큐레이션해 소개함,불가능,구분안함,있음,없음,없음,불가능
KCCBSPO22N000000806,메고북,서울특별시 중구 마른내로 159,독서활동 장소,불가능,구분안함,있음,없음,없음,불가능
KCCBSPO22N000000807,인터파크 명동북앤샵,서울특별시 중구 명동길 74 명동성당 신관가톨릭회관 지하 1층,다양한 국내외도서 취급,불가능,구분안함,있음,없음,없음,불가능
KCCBSPO22N000000808,놀숲 충무로동국대점,서울특별시 중구 서애로 6-1 3층,"커피만 즐길 수 있던 카페와는 다른 만화책도 보고, 맛있는 간식이 있는 문화카페",불가능,구분,있음,없음,없음,불가능
KCCBSPO22N000000809,산 다미아노,서울특별시 중구 정동길 9 프란치시꼬교육회관,"덕수궁 정동길에 위치한 북카페, 수도회 소속으로 성프란치스코 교육 회관 1층에 자리, 그림 전시와 클래식 음학회 행사 개최",불가능,구분안함,있음,없음,없음,불가능
KCCBSPO22N000000810,좋은세상 시인의 집,서울특별시 중구 퇴계로 386-1,독서활동 장소,불가능,구분안함,있음,없음,없음,불가능
KCCBSPO22N000000811,아리수북카페,서울특별시 중구 필동로1길 30 동국대학교내,독서활동 장소,불가능,구분안함,있음,없음,없음,불가능
KCCBSPO22N000000812,북카페 공간,서울특별시 중랑구 동일로 795,만화 카페,가능,구분안함,있음,없음,없음,불가능
KCCBSPO22N000000813,바람길,서울특별시 중랑구 망우로 332,"여행을 좋아하는 사람들이 책, 커피, 와인, 맥주를 즐길 수 있는 여행서점",가능,구분,있음,없음,없음,불가능
KCCBSPO22N000000814,놀숲 사가정점,서울특별시 중랑구 면목로48길 8 3층,"일상에 즐거운 경험을 더하는 문화공간 카툰앤북카페, 편안한 좌석에서 맛있는 음식과 함께 책도 볼 수 있는 멀티 엔터테인먼트",불가능,구분,있음,없음,없음,불가능
KCCBSPO22N000000815,북스토리만화방,서울특별시 중랑구 사가정로 386,"다수의 신간 만화와 판타지, 무협, 현대물, 대체 역사소설 다수 구비",가능,구분안함,있음,없음,없음,불가능
KCCBSPO22N000000816,놀숲 서일대점,서울특별시 중랑구 용마산로 391,"일상에 즐거운 경험을 더하는 문화공간 카툰앤북카페, 편안한 좌석에서 맛있는 음식과 함께 책도 볼 수 있는 멀티 엔터테인먼트",가능,구분,있음,없음,없음,불가능
KCCBSPO22N000001043,뭐든지 책방,서울특별시 종로구 창신길 119 1층 뭐든지 책방,"뭐든지는 사람과 책, 예술이 공존하는 네트워크 공간입니다.",가능,구분,있음,있음,없음,불가능
KCCBSPO22N000001044,서향관,서울특별시 중구 을지로20길 32-3 203호,"글과 향, 영화를 좋아하는 모든 분들에게 열려 있 는 곳",가능,구분,있음,있음,없음,불가능
KCCBSPO22N000001045,소수책방,서울특별시 중구 다산로20길 26 2층,"단편소설,시집, 예술, 미학, 철학, 독립서적, 포스터, LP, 생맥주,와인,독립책방,심야서점,심야책방",가능,구분안함,있음,있음,없음,불가능
KCCBSPO22N000001046,인덱스숍,서울특별시 광진구 아차산로 200 커먼그라운드 3F(나이키 건물 3F),"create your index! 인덱스숍은 크리에이터를 위한 책과 커피, 북라이프 콘텐츠를 제안합니다.",가능,구분,있음,있음,없음,불가능
KCCBSPO22N000001047,아니마 아니무스,서울특별시 광진구 아차산로39길 8 1층,"커피와 음료, 간단한 디저트가 마련되어 있습니다.,책을 읽고 턴테이블로 흘러나오는 음악을 즐겨요.",불가능,구분안함,있음,있음,없음,불가능
KCCBSPO22N000001048,도꼬마리,서울특별시 동대문구 휘경로7길 3,"이문동 까페 도꼬마리는, 마을 주민들이 함께 운 영하는 형태의 마을까페",불가능,구분,있음,있음,없음,불가능
KCCBSPO22N000001049,수수한 책방,서울특별시 강북구 솔매로50길 81,온라인으로 빠르게 흘러가는 시대에 오프라인으 로 잠시 쉼을 가질 수 있는 공간,가능,구분,있음,있음,없음,불가능
KCCBSPO22N000001050,서점 마므레,서울특별시 서대문구 명지대길 10 2층,북카페를 겸한 서점,불가능,구분안함,있음,있음,없음,불가능
KCCBSPO22N000001051,모즈나,서울특별시 마포구 고산16길 9 1층,"독립서점 겸 카페, 제로웨이스트숍",가능,구분안함,있음,있음,없음,불가능
KCCBSPO22N000001052,오케이어 맨션,서울특별시 마포구 와우산로11길 9-7 상수라이크 2층,서점형 카페,가능,구분,있음,있음,없음,불가능
KCCBSPO22N000001053,책익다,서울특별시 마포구 와우산로29마길 10-3 2층,책을 읽고 술이 익고 사람이 있는 곳',가능,구분,있음,있음,없음,불가능
KCCBSPO22N000001054,책방공책,서울특별시 구로구 연동로 287 그린빌라상가 2층 책방공책,책방공책과 아날록북컵은 책방과 북카페로 운영 됩니다.,가능,구분,있음,있음,없음,불가능
KCCBSPO22N000001055,청맥살롱,서울특별시 동작구 서달로 161-1 2층,"청맥살롱은 커피, 맥주, 책을 즐길 수 있는 중앙 대 북카페&흑석동 동네서점입니다.",불가능,구분,있음,있음,없음,불가능
KCCBSPO22N000001056,다정한 책방,서울특별시 동작구 동작대로9가길 32 1층 다정한 책방,"책과 함께하는 문화공간, 다정한 책방",불가능,구분안함,있음,있음,없음,불가능
KCCBSPO22N000001057,관객의취향,서울특별시 관악구 관악로 204 3층 301호,"영화관련 도서와 큐레이션 된 도서를 판매하는 작은 책방이자, 케이크와 커피를 팝니다.",가능,구분,있음,있음,없음,불가능
KCCBSPO22N000001058,생각의 주인,서울특별시 관악구 솔밭로7길 17,"주인장의 취향인 인문서적과 소설,수필 등이 있 습니다. 주인장이 직접 그린 그림들을 볼 수 있고 , 주문 또는 구입도 가능합니다",가능,구분안함,있음,있음,없음,불가능
KCCBSPO22N000001059,영풍문고 신림점,서울특별시 관악구 신림로 330 신림타임스트림 7층,"쇼핑, 문화, 휴식, 여가에 이르기까지 쇼핑의 모든 것이 담겨있는 신림타임스트림 7층에 위치한 영풍문고는 책과 함께 숨쉬는 문화공간으로써 서점에서 누릴 수 있는 차별화된 '문화, 휴식, 즐거움'을 선사합니다.",가능,구분,있음,있음,없음,불가능
KCCBSPO22N000001060,이나영책방,서울특별시 관악구 신사로 66-1 3층,북한학 전문서점 + 일상의 영감충전소 책 주문서 비스 회원제 및 회원 대상 북클럽 운영 ',가능,구분,있음,있음,없음,불가능
KCCBSPO22N000001061,하우스북스 채널씨,서울특별시 송파구 백제고분로9길 5,하우스북스는 하우스서울(HOWS)의 발견의 공간인 독립서점입니다.,불가능,구분,있음,있음,없음,불가능
KCCBSPO22N000001062,요즘서재,서울특별시 송파구 동남로23길 40-11 1층 코너,도심 한 가운데서 차분한 시간을 공유할 수 있는 곳,가능,구분,있음,있음,없음,불가능
